{
  "$schema": "https://schema.management.azure.com/schemas/2019-04-01/deploymentTemplate.json#",
  "contentVersion": "1.0.0.0",
  "metadata": {
    "author": "DEFEND Ltd.",
    "comments": "Solution template for Atlassian Beacon"
  },
  "parameters": {
    "location": {
      "type": "string",
      "minLength": 1,
      "defaultValue": "[resourceGroup().location]",
      "metadata": {
        "description": "Not used, but needed to pass arm-ttk test `Location-Should-Not-Be-Hardcoded`.  We instead use the `workspace-location` which is derived from the LA workspace"
      }
    },
    "workspace-location": {
      "type": "string",
      "defaultValue": "",
      "metadata": {
        "description": "[concat('Region to deploy solution resources -- separate from location selection',parameters('location'))]"
      }
    },
    "workspace": {
      "defaultValue": "",
      "type": "string",
      "metadata": {
        "description": "Workspace name for Log Analytics where Microsoft Sentinel is setup"
      }
    }
  },
  "variables": {
    "_solutionName": "Atlassian Beacon",
    "_solutionVersion": "3.0.0",
    "solutionId": "defendlimited1682894612656.microsoft-sentinel-solution-atlassian-beacon",
    "_solutionId": "[variables('solutionId')]",
    "analyticRuleVersion1": "1.0.0",
    "analyticRulecontentId1": "83fbf6a2-f227-48f4-8e7b-0b0ecac2381b",
    "_analyticRulecontentId1": "[variables('analyticRulecontentId1')]",
    "analyticRuleId1": "[resourceId('Microsoft.SecurityInsights/AlertRuleTemplates', variables('analyticRulecontentId1'))]",
    "analyticRuleTemplateSpecName1": "[concat(parameters('workspace'),'/Microsoft.SecurityInsights/',concat(parameters('workspace'),'-ar-',uniquestring(variables('_analyticRulecontentId1'))))]",
    "_analyticRulecontentProductId1": "[concat(take(variables('_solutionId'),50),'-','ar','-', uniqueString(concat(variables('_solutionId'),'-','AnalyticsRule','-',variables('_analyticRulecontentId1'),'-', variables('analyticRuleVersion1'))))]",
    "uiConfigId1": "AtlassianBeaconAlerts",
    "_uiConfigId1": "[variables('uiConfigId1')]",
    "dataConnectorContentId1": "AtlassianBeaconAlerts",
    "_dataConnectorContentId1": "[variables('dataConnectorContentId1')]",
    "dataConnectorId1": "[extensionResourceId(resourceId('Microsoft.OperationalInsights/workspaces', parameters('workspace')), 'Microsoft.SecurityInsights/dataConnectors', variables('_dataConnectorContentId1'))]",
    "_dataConnectorId1": "[variables('dataConnectorId1')]",
    "dataConnectorTemplateSpecName1": "[concat(parameters('workspace'),'/Microsoft.SecurityInsights/',concat(parameters('workspace'),'-dc-',uniquestring(variables('_dataConnectorContentId1'))))]",
    "dataConnectorVersion1": "1.0.0",
    "_dataConnectorcontentProductId1": "[concat(take(variables('_solutionId'),50),'-','dc','-', uniqueString(concat(variables('_solutionId'),'-','DataConnector','-',variables('_dataConnectorContentId1'),'-', variables('dataConnectorVersion1'))))]",
    "Sync Alerts": "Sync Alerts",
    "_Sync Alerts": "[variables('Sync Alerts')]",
    "playbookVersion1": "1.0",
    "playbookContentId1": "Sync Alerts",
    "_playbookContentId1": "[variables('playbookContentId1')]",
    "playbookId1": "[resourceId('Microsoft.Logic/workflows', variables('playbookContentId1'))]",
    "playbookTemplateSpecName1": "[concat(parameters('workspace'),'/Microsoft.SecurityInsights/',concat(parameters('workspace'),'-pl-',uniquestring(variables('_playbookContentId1'))))]",
    "workspaceResourceId": "[resourceId('microsoft.OperationalInsights/Workspaces', parameters('workspace'))]",
    "_playbookcontentProductId1": "[concat(take(variables('_solutionId'),50),'-','pl','-', uniqueString(concat(variables('_solutionId'),'-','Playbook','-',variables('_playbookContentId1'),'-', variables('playbookVersion1'))))]",
    "blanks": "[replace('b', 'b', '')]",
    "_solutioncontentProductId": "[concat(take(variables('_solutionId'),50),'-','sl','-', uniqueString(concat(variables('_solutionId'),'-','Solution','-',variables('_solutionId'),'-', variables('_solutionVersion'))))]"
  },
  "resources": [
    {
      "type": "Microsoft.OperationalInsights/workspaces/providers/contentTemplates",
      "apiVersion": "2023-04-01-preview",
      "name": "[variables('analyticRuleTemplateSpecName1')]",
      "location": "[parameters('workspace-location')]",
      "dependsOn": [
        "[extensionResourceId(resourceId('Microsoft.OperationalInsights/workspaces', parameters('workspace')), 'Microsoft.SecurityInsights/contentPackages', variables('_solutionId'))]"
      ],
      "properties": {
        "description": "AtlassianBeacon_High_AnalyticalRules Analytics Rule with template version 3.0.0",
        "mainTemplate": {
          "$schema": "https://schema.management.azure.com/schemas/2019-04-01/deploymentTemplate.json#",
          "contentVersion": "[variables('analyticRuleVersion1')]",
          "parameters": {},
          "variables": {},
          "resources": [
            {
              "type": "Microsoft.SecurityInsights/AlertRuleTemplates",
              "name": "[variables('analyticRulecontentId1')]",
              "apiVersion": "2022-04-01-preview",
              "kind": "Scheduled",
              "location": "[parameters('workspace-location')]",
              "properties": {
                "description": "The analytic rule creates an incident when an alert is created in Atlassian Beacon. The webhook payload by itself does not provide much information about the alert, apart from the alertId, alertDetailURL, alertTitle. Navigate to the alertDetailURL to view more information on who is impacted and what actions need to be taken.",
                "displayName": "Atlassian Beacon Alert",
                "enabled": false,
                "query": "atlassian_beacon_alerts_CL\n| project TimeGenerated, alertTitle_s, alertDetailURL_s, alertId_s, detectiontime_d, Type\n",
                "queryFrequency": "PT5M",
                "queryPeriod": "PT5M",
                "severity": "High",
                "suppressionDuration": "PT1H",
                "suppressionEnabled": false,
                "triggerOperator": "GreaterThan",
                "triggerThreshold": 0,
                "status": "Available",
                "requiredDataConnectors": [
                  {
                    "dataTypes": [
                      "atlassian_beacon_alerts_CL"
                    ],
                    "connectorId": "AtlassianBeaconAlerts"
                  }
                ],
                "eventGroupingSettings": {
                  "aggregationKind": "SingleAlert"
                },
                "alertDetailsOverride": {
                  "alertDisplayNameFormat": "Atlassian Beacon - {alertTitle_s}"
                },
                "incidentConfiguration": {
                  "createIncident": true,
                  "groupingConfiguration": {
                    "enabled": true,
                    "lookbackDuration": "5h",
                    "reopenClosedIncident": false,
                    "matchingMethod": "AllEntities"
                  }
                }
              }
            },
            {
              "type": "Microsoft.OperationalInsights/workspaces/providers/metadata",
              "apiVersion": "2022-01-01-preview",
              "name": "[concat(parameters('workspace'),'/Microsoft.SecurityInsights/',concat('AnalyticsRule-', last(split(variables('analyticRuleId1'),'/'))))]",
              "properties": {
                "description": "Atlassian Beacon Analytics Rule 1",
                "parentId": "[variables('analyticRuleId1')]",
                "contentId": "[variables('_analyticRulecontentId1')]",
                "kind": "AnalyticsRule",
                "version": "[variables('analyticRuleVersion1')]",
                "source": {
                  "kind": "Solution",
                  "name": "Atlassian Beacon",
                  "sourceId": "[variables('_solutionId')]"
                },
                "author": {
                  "name": "DEFEND Ltd."
                },
                "support": {
                  "name": "DEFEND Ltd.",
                  "tier": "Partner",
                  "link": "https://www.defend.co.nz/"
                }
              }
            }
          ]
        },
        "packageKind": "Solution",
        "packageVersion": "[variables('_solutionVersion')]",
        "packageName": "[variables('_solutionName')]",
        "packageId": "[variables('_solutionId')]",
        "contentSchemaVersion": "3.0.0",
        "contentId": "[variables('_analyticRulecontentId1')]",
        "contentKind": "AnalyticsRule",
        "displayName": "Atlassian Beacon Alert",
        "contentProductId": "[variables('_analyticRulecontentProductId1')]",
        "id": "[variables('_analyticRulecontentProductId1')]",
        "version": "[variables('analyticRuleVersion1')]"
      }
    },
    {
      "type": "Microsoft.OperationalInsights/workspaces/providers/contentTemplates",
      "apiVersion": "2023-04-01-preview",
      "name": "[variables('dataConnectorTemplateSpecName1')]",
      "location": "[parameters('workspace-location')]",
      "dependsOn": [
        "[extensionResourceId(resourceId('Microsoft.OperationalInsights/workspaces', parameters('workspace')), 'Microsoft.SecurityInsights/contentPackages', variables('_solutionId'))]"
      ],
      "properties": {
        "description": "Atlassian Beacon data connector with template version 3.0.0",
        "mainTemplate": {
          "$schema": "https://schema.management.azure.com/schemas/2019-04-01/deploymentTemplate.json#",
          "contentVersion": "[variables('dataConnectorVersion1')]",
          "parameters": {},
          "variables": {},
          "resources": [
            {
              "name": "[concat(parameters('workspace'),'/Microsoft.SecurityInsights/',variables('_dataConnectorContentId1'))]",
              "apiVersion": "2021-03-01-preview",
              "type": "Microsoft.OperationalInsights/workspaces/providers/dataConnectors",
              "location": "[parameters('workspace-location')]",
              "kind": "GenericUI",
              "properties": {
                "connectorUiConfig": {
                  "id": "[variables('_uiConfigId1')]",
                  "title": "Atlassian Beacon Alerts",
                  "publisher": "DEFEND Ltd.",
                  "descriptionMarkdown": "Custom Data connector from DEFEND Ltd. that is used to visualize the alerts ingested from Atlassian Beacon into Microsoft Sentinel.",
                  "graphQueries": [
                    {
                      "baseQuery": "atlassian_beacon_alerts_CL",
                      "legend": "Atlassian Beacon Alerts",
                      "metricName": "Total data received"
                    }
                  ],
                  "sampleQueries": [
                    {
                      "description": "Atlassian Beacon Alerts",
                      "query": "atlassian_beacon_alerts_CL | sort by TimeGenerated desc"
                    }
                  ],
                  "dataTypes": [
                    {
                      "lastDataReceivedQuery": "atlassian_beacon_alerts_CL | summarize Time = max(TimeGenerated) | where isnotempty(Time)",
                      "name": "atlassian_beacon_alerts_CL"
                    }
                  ],
                  "connectivityCriterias": [
                    {
                      "type": "IsConnectedQuery",
                      "value": [
                        "atlassian_beacon_alerts_CL | summarize LastLogReceived = max(TimeGenerated)\n | project IsConnected = LastLogReceived > ago(7d)"
                      ]
                    }
                  ],
                  "availability": {
                    "status": 1,
                    "isPreview": false
                  },
                  "permissions": {
                    "resourceProvider": [
                      {
                        "permissionsDisplayText": "read and write permissions are required.",
                        "provider": "Microsoft.OperationalInsights/workspaces",
                        "providerDisplayName": "Workspace",
                        "requiredPermissions": {
                          "delete": true,
                          "read": true,
                          "write": true
                        },
                        "scope": "Workspace"
                      },
                      {
                        "permissionsDisplayText": "read permissions to shared keys for the workspace are required. [See the documentation to learn more about workspace keys](https://docs.microsoft.com/azure/azure-monitor/platform/agent-windows#obtain-workspace-id-and-key).",
                        "provider": "Microsoft.OperationalInsights/workspaces/sharedKeys",
                        "providerDisplayName": "Keys",
                        "requiredPermissions": {
                          "action": true
                        },
                        "scope": "Workspace"
                      }
                    ]
                  },
                  "instructionSteps": [
                    {
                      "description": ">1. Navigate to the newly installed Logic App 'Atlassian Beacon Integration'\n\n>2. Navigate to 'Logic app designer'\n\n>3. Expand the 'When a HTTP request is received'\n\n>4. Copy the 'HTTP POST URL'",
                      "title": "1. Microsoft Sentinel"
                    },
                    {
                      "description": ">1. Login to Atlassian Beacon using an admin account\n\n>2. Navigate to 'SIEM forwarding' under SETTINGS\n\n> 3. Paste the copied URL from Logic App in the text box\n\n> 4. Click the 'Save' button",
                      "title": "2. Atlassian Beacon"
                    },
                    {
                      "description": ">1. Login to Atlassian Beacon using an admin account\n\n>2. Navigate to 'SIEM forwarding' under SETTINGS\n\n> 3. Click the 'Test' button right next to the newly configured webhook\n\n> 4. Navigate to Microsoft Sentinel\n\n> 5. Navigate to the newly installed Logic App\n\n> 6. Check for the Logic App Run under 'Runs history'\n\n> 7. Check for logs under the table name 'atlassian_beacon_alerts_CL' in 'Logs'\n\n> 8. If the analytic rule has been enabled, the above Test alert should have created an incident in Microsoft Sentinel",
                      "title": "3. Testing and Validation"
                    }
                  ]
                }
              }
            },
            {
              "type": "Microsoft.OperationalInsights/workspaces/providers/metadata",
              "apiVersion": "2023-04-01-preview",
              "name": "[concat(parameters('workspace'),'/Microsoft.SecurityInsights/',concat('DataConnector-', last(split(variables('_dataConnectorId1'),'/'))))]",
              "properties": {
                "parentId": "[extensionResourceId(resourceId('Microsoft.OperationalInsights/workspaces', parameters('workspace')), 'Microsoft.SecurityInsights/dataConnectors', variables('_dataConnectorContentId1'))]",
                "contentId": "[variables('_dataConnectorContentId1')]",
                "kind": "DataConnector",
                "version": "[variables('dataConnectorVersion1')]",
                "source": {
                  "kind": "Solution",
                  "name": "Atlassian Beacon",
                  "sourceId": "[variables('_solutionId')]"
                },
                "author": {
                  "name": "DEFEND Ltd."
                },
                "support": {
                  "name": "DEFEND Ltd.",
                  "tier": "Partner",
                  "link": "https://www.defend.co.nz/"
                }
              }
            }
          ]
        },
        "packageKind": "Solution",
        "packageVersion": "[variables('_solutionVersion')]",
        "packageName": "[variables('_solutionName')]",
        "packageId": "[variables('_solutionId')]",
        "contentSchemaVersion": "3.0.0",
        "contentId": "[variables('_dataConnectorContentId1')]",
        "contentKind": "DataConnector",
        "displayName": "Atlassian Beacon Alerts",
        "contentProductId": "[variables('_dataConnectorcontentProductId1')]",
        "id": "[variables('_dataConnectorcontentProductId1')]",
        "version": "[variables('dataConnectorVersion1')]"
      }
    },
    {
      "type": "Microsoft.OperationalInsights/workspaces/providers/metadata",
      "apiVersion": "2023-04-01-preview",
      "name": "[concat(parameters('workspace'),'/Microsoft.SecurityInsights/',concat('DataConnector-', last(split(variables('_dataConnectorId1'),'/'))))]",
      "dependsOn": [
        "[variables('_dataConnectorId1')]"
      ],
      "location": "[parameters('workspace-location')]",
      "properties": {
        "parentId": "[extensionResourceId(resourceId('Microsoft.OperationalInsights/workspaces', parameters('workspace')), 'Microsoft.SecurityInsights/dataConnectors', variables('_dataConnectorContentId1'))]",
        "contentId": "[variables('_dataConnectorContentId1')]",
        "kind": "DataConnector",
        "version": "[variables('dataConnectorVersion1')]",
        "source": {
          "kind": "Solution",
          "name": "Atlassian Beacon",
          "sourceId": "[variables('_solutionId')]"
        },
        "author": {
          "name": "DEFEND Ltd."
        },
        "support": {
          "name": "DEFEND Ltd.",
          "tier": "Partner",
          "link": "https://www.defend.co.nz/"
        }
      }
    },
    {
      "name": "[concat(parameters('workspace'),'/Microsoft.SecurityInsights/',variables('_dataConnectorContentId1'))]",
      "apiVersion": "2021-03-01-preview",
      "type": "Microsoft.OperationalInsights/workspaces/providers/dataConnectors",
      "location": "[parameters('workspace-location')]",
      "kind": "GenericUI",
      "properties": {
        "connectorUiConfig": {
          "title": "Atlassian Beacon Alerts",
          "publisher": "DEFEND Ltd.",
          "descriptionMarkdown": "Custom Data connector from DEFEND Ltd. that is used to visualize the alerts ingested from Atlassian Beacon into Microsoft Sentinel.",
          "graphQueries": [
            {
              "baseQuery": "atlassian_beacon_alerts_CL",
              "legend": "Atlassian Beacon Alerts",
              "metricName": "Total data received"
            }
          ],
          "dataTypes": [
            {
              "lastDataReceivedQuery": "atlassian_beacon_alerts_CL | summarize Time = max(TimeGenerated) | where isnotempty(Time)",
              "name": "atlassian_beacon_alerts_CL"
            }
          ],
          "connectivityCriterias": [
            {
              "type": "IsConnectedQuery",
              "value": [
                "atlassian_beacon_alerts_CL | summarize LastLogReceived = max(TimeGenerated)\n | project IsConnected = LastLogReceived > ago(7d)"
              ]
            }
          ],
          "sampleQueries": [
            {
              "description": "Atlassian Beacon Alerts",
              "query": "atlassian_beacon_alerts_CL | sort by TimeGenerated desc"
            }
          ],
          "availability": {
            "status": 1,
            "isPreview": false
          },
          "permissions": {
            "resourceProvider": [
              {
                "permissionsDisplayText": "read and write permissions are required.",
                "provider": "Microsoft.OperationalInsights/workspaces",
                "providerDisplayName": "Workspace",
                "requiredPermissions": {
                  "delete": true,
                  "read": true,
                  "write": true
                },
                "scope": "Workspace"
              },
              {
                "permissionsDisplayText": "read permissions to shared keys for the workspace are required. [See the documentation to learn more about workspace keys](https://docs.microsoft.com/azure/azure-monitor/platform/agent-windows#obtain-workspace-id-and-key).",
                "provider": "Microsoft.OperationalInsights/workspaces/sharedKeys",
                "providerDisplayName": "Keys",
                "requiredPermissions": {
                  "action": true
                },
                "scope": "Workspace"
              }
            ]
          },
          "instructionSteps": [
            {
              "description": ">1. Navigate to the newly installed Logic App 'Atlassian Beacon Integration'\n\n>2. Navigate to 'Logic app designer'\n\n>3. Expand the 'When a HTTP request is received'\n\n>4. Copy the 'HTTP POST URL'",
              "title": "1. Microsoft Sentinel"
            },
            {
              "description": ">1. Login to Atlassian Beacon using an admin account\n\n>2. Navigate to 'SIEM forwarding' under SETTINGS\n\n> 3. Paste the copied URL from Logic App in the text box\n\n> 4. Click the 'Save' button",
              "title": "2. Atlassian Beacon"
            },
            {
              "description": ">1. Login to Atlassian Beacon using an admin account\n\n>2. Navigate to 'SIEM forwarding' under SETTINGS\n\n> 3. Click the 'Test' button right next to the newly configured webhook\n\n> 4. Navigate to Microsoft Sentinel\n\n> 5. Navigate to the newly installed Logic App\n\n> 6. Check for the Logic App Run under 'Runs history'\n\n> 7. Check for logs under the table name 'atlassian_beacon_alerts_CL' in 'Logs'\n\n> 8. If the analytic rule has been enabled, the above Test alert should have created an incident in Microsoft Sentinel",
              "title": "3. Testing and Validation"
            }
          ],
          "id": "[variables('_uiConfigId1')]"
        }
      }
    },
    {
      "type": "Microsoft.OperationalInsights/workspaces/providers/contentTemplates",
      "apiVersion": "2023-04-01-preview",
      "name": "[variables('playbookTemplateSpecName1')]",
      "location": "[parameters('workspace-location')]",
      "dependsOn": [
        "[extensionResourceId(resourceId('Microsoft.OperationalInsights/workspaces', parameters('workspace')), 'Microsoft.SecurityInsights/contentPackages', variables('_solutionId'))]"
      ],
      "properties": {
        "description": "Atlassian-Beacon-Integration Playbook with template version 3.0.0",
        "mainTemplate": {
          "$schema": "https://schema.management.azure.com/schemas/2019-04-01/deploymentTemplate.json#",
          "contentVersion": "[variables('playbookVersion1')]",
          "parameters": {
            "PlaybookName": {
              "defaultValue": "Atlassian-Beacon-Integration",
              "type": "string"
            },
            "WorkspaceID": {
              "defaultValue": "your-workspaceID",
              "type": "string",
              "metadata": {
                "description": "The workspace ID for the Log Analytics workspace."
              }
            },
            "WorkspaceKey": {
              "defaultValue": "your-workspaceKey",
              "type": "securestring",
              "metadata": {
                "description": "The workspace key for the Log Analytics workspace."
              }
            }
          },
          "variables": {
            "azureloganalyticsdatacollectorConnectionName": "[[concat('azureloganalyticsdatacollector-', parameters('PlaybookName'))]",
            "connection-1": "[[concat('/subscriptions/', subscription().subscriptionId, '/providers/Microsoft.Web/locations/', variables('workspace-location-inline'), '/managedApis/azureloganalyticsdatacollector')]",
            "_connection-1": "[[variables('connection-1')]",
            "workspace-location-inline": "[concat('[resourceGroup().locatio', 'n]')]",
            "workspace-name": "[parameters('workspace')]",
            "workspaceResourceId": "[[resourceId('microsoft.OperationalInsights/Workspaces', variables('workspace-name'))]"
          },
          "resources": [
            {
              "type": "Microsoft.Web/connections",
              "apiVersion": "2016-06-01",
              "name": "[[variables('azureloganalyticsdatacollectorConnectionName')]",
              "location": "[[variables('workspace-location-inline')]",
              "properties": {
                "displayName": "AtlassianBeaconIntegrationConnection",
                "api": {
                  "id": "[[variables('_connection-1')]"
                },
                "parameterValues": {
                  "username": "[[parameters('workspaceId')]",
                  "password": "[[parameters('workspaceKey')]"
                }
              }
            },
            {
              "type": "Microsoft.Logic/workflows",
              "apiVersion": "2017-07-01",
              "name": "[[parameters('PlaybookName')]",
              "location": "[[variables('workspace-location-inline')]",
              "tags": {
                "hidden-SentinelWorkspaceId": "[[variables('workspaceResourceId')]"
              },
              "dependsOn": [
                "[[resourceId('Microsoft.Web/connections', variables('azureloganalyticsdatacollectorConnectionName'))]"
              ],
              "properties": {
                "state": "Enabled",
                "definition": {
                  "$schema": "https://schema.management.azure.com/providers/Microsoft.Logic/schemas/2016-06-01/workflowdefinition.json#",
                  "contentVersion": "1.0.0.0",
                  "parameters": {
                    "$connections": {
                      "type": "Object"
                    }
                  },
                  "triggers": {
                    "manual": {
                      "type": "Request",
                      "kind": "Http"
                    }
                  },
                  "actions": {
                    "Compose": {
                      "runAfter": {
                        "Parse_JSON": [
                          "Succeeded"
                        ]
                      },
                      "type": "Compose",
                      "inputs": {
                        "alertDetailURL": "@body('Parse_JSON')?['alertDetailURL']",
                        "alertId": "@body('Parse_JSON')?['alertId']",
                        "alertTitle": "@body('Parse_JSON')?['alertTitle']",
                        "detectiontime": "@body('Parse_JSON')?['detectionTime']"
                      }
                    },
                    "Parse_JSON": {
                      "type": "ParseJson",
                      "inputs": {
                        "content": "@triggerBody()",
                        "schema": {
                          "properties": {
                            "alertDetailURL": {
                              "type": "string"
                            },
                            "alertId": {
                              "type": "string"
                            },
                            "alertTitle": {
                              "type": "string"
                            },
                            "detectionTime": {
                              "type": "integer"
                            }
                          },
                          "type": "object"
                        }
                      }
                    },
                    "Send_Data": {
                      "runAfter": {
                        "Compose": [
                          "Succeeded"
                        ]
                      },
                      "type": "ApiConnection",
                      "inputs": {
                        "body": "@{outputs('Compose')}",
                        "headers": {
                          "Log-Type": "atlassian_beacon_alerts"
                        },
                        "host": {
                          "connection": {
                            "name": "@parameters('$connections')['azureloganalyticsdatacollector']['connectionId']"
                          }
                        },
                        "method": "post",
                        "path": "/api/logs"
                      }
                    }
                  }
                },
                "parameters": {
                  "$connections": {
                    "value": {
                      "azureloganalyticsdatacollector": {
                        "connectionId": "[[resourceId('Microsoft.Web/connections', variables('azureloganalyticsdatacollectorConnectionName'))]",
                        "connectionName": "[[variables('azureloganalyticsdatacollectorConnectionName')]",
                        "id": "[[concat('/subscriptions/', subscription().subscriptionId, '/providers/Microsoft.Web/locations/', variables('workspace-location-inline'), '/managedApis/azureloganalyticsdatacollector')]"
                      }
                    }
                  }
                }
              }
            },
            {
              "type": "Microsoft.OperationalInsights/workspaces/providers/metadata",
              "apiVersion": "2022-01-01-preview",
              "name": "[concat(parameters('workspace'),'/Microsoft.SecurityInsights/',concat('Playbook-', last(split(variables('playbookId1'),'/'))))]",
              "properties": {
                "parentId": "[variables('playbookId1')]",
                "contentId": "[variables('_playbookContentId1')]",
                "kind": "Playbook",
                "version": "[variables('playbookVersion1')]",
                "source": {
                  "kind": "Solution",
                  "name": "Atlassian Beacon",
                  "sourceId": "[variables('_solutionId')]"
                },
                "author": {
                  "name": "DEFEND Ltd."
                },
                "support": {
                  "name": "DEFEND Ltd.",
                  "tier": "Partner",
                  "link": "https://www.defend.co.nz/"
                }
              }
            }
          ],
          "metadata": {
            "title": "Atlassian Beacon Integration",
            "description": "This Logic App recieves a webhook from Atlassian Beacon and ingest the payload into Microsoft Sentinel's log analytics workspace",
            "prerequisites": [
              "1. Log Analytics Workspace ID and Workspace Key. To get these secrets, login into your Microsoft Sentinel instance and navigate to Settings --> Workspace settings --> Agents"
            ],
            "lastUpdateTime": "2023-09-27T15:17:28.964Z",
            "releaseNotes": {
              "version": "1.0",
              "title": "[variables('blanks')]",
              "notes": [
                "Initial version"
              ]
            }
          }
        },
        "packageKind": "Solution",
        "packageVersion": "[variables('_solutionVersion')]",
        "packageName": "[variables('_solutionName')]",
        "packageId": "[variables('_solutionId')]",
        "contentSchemaVersion": "3.0.0",
        "contentId": "[variables('_playbookContentId1')]",
        "contentKind": "Playbook",
        "displayName": "Atlassian-Beacon-Integration",
        "contentProductId": "[variables('_playbookcontentProductId1')]",
        "id": "[variables('_playbookcontentProductId1')]",
        "version": "[variables('playbookVersion1')]"
      }
    },
    {
      "type": "Microsoft.OperationalInsights/workspaces/providers/contentPackages",
      "apiVersion": "2023-04-01-preview",
      "location": "[parameters('workspace-location')]",
      "properties": {
        "version": "3.0.0",
        "kind": "Solution",
        "contentSchemaVersion": "3.0.0",
        "displayName": "Atlassian Beacon",
        "publisherDisplayName": "DEFEND Ltd.",
        "descriptionHtml": "<p><strong>Note:</strong> <em>There may be <a href=\"https://aka.ms/sentinelsolutionsknownissues\">known issues</a> pertaining to this Solution, please refer to them before installing.</em></p>\n<p>Custom Data connector from DEFEND Ltd. that is used to visualize the alerts ingested from Atlassian Beacon into Microsoft Sentinel.</p>\n<p><strong>Data Connectors:</strong> 1, <strong>Analytic Rules:</strong> 1, <strong>Playbooks:</strong> 1</p>\n<p><a href=\"https://aka.ms/azuresentinel\">Learn more about Microsoft Sentinel</a> | <a href=\"https://aka.ms/azuresentinelsolutionsdoc\">Learn more about Solutions</a></p>\n",
        "contentKind": "Solution",
        "contentProductId": "[variables('_solutioncontentProductId')]",
        "id": "[variables('_solutioncontentProductId')]",
        "icon": "<img src=\"https://raw.githubusercontent.com/Azure/Azure-Sentinel/master/Logos/AtlassianBeacon_Logo.svg\" width=\"75px\" height=\"75px\">",
        "contentId": "[variables('_solutionId')]",
        "parentId": "[variables('_solutionId')]",
        "source": {
          "kind": "Solution",
          "name": "Atlassian Beacon",
          "sourceId": "[variables('_solutionId')]"
        },
        "author": {
          "name": "DEFEND Ltd."
        },
        "support": {
          "name": "DEFEND Ltd.",
          "tier": "Partner",
          "link": "https://www.defend.co.nz/"
        },
        "dependencies": {
          "operator": "AND",
          "criteria": [
            {
              "kind": "AnalyticsRule",
              "contentId": "[variables('analyticRulecontentId1')]",
              "version": "[variables('analyticRuleVersion1')]"
            },
            {
              "kind": "DataConnector",
              "contentId": "[variables('_dataConnectorContentId1')]",
              "version": "[variables('dataConnectorVersion1')]"
            },
            {
              "kind": "Playbook",
              "contentId": "[variables('_Sync Alerts')]",
              "version": "[variables('playbookVersion1')]"
            }
          ]
        },
        "firstPublishDate": "2023-09-22",
        "providers": [
          "DEFEND Ltd."
        ],
        "categories": {
          "domains": [
            "Security - Threat Protection"
          ]
        }
      },
      "name": "[concat(parameters('workspace'),'/Microsoft.SecurityInsights/', variables('_solutionId'))]"
    }
  ],
  "outputs": {}
}
